symbol,isActive,isIndex
sh,TRUE,TRUE
sz,TRUE,TRUE
600006,TRUE,FALSE
600007,TRUE,FALSE
600008,TRUE,FALSE
600009,TRUE,FALSE
600010,TRUE,FALSE
600011,TRUE,FALSE
600012,TRUE,FALSE
600013,TRUE,FALSE
600014,TRUE,FALSE
600015,TRUE,FALSE
600016,TRUE,FALSE
600017,TRUE,FALSE
600018,TRUE,FALSE
600019,TRUE,FALSE
600020,TRUE,FALSE
600021,TRUE,FALSE
600022,TRUE,FALSE
600023,TRUE,FALSE
600024,TRUE,FALSE
600025,TRUE,FALSE
600026,TRUE,FALSE
600027,TRUE,FALSE
600028,TRUE,FALSE
600029,TRUE,FALSE
600030,TRUE,FALSE
600031,TRUE,FALSE
600032,TRUE,FALSE
600033,TRUE,FALSE
600034,TRUE,FALSE
600035,TRUE,FALSE
600036,TRUE,FALSE
600037,TRUE,FALSE
600038,TRUE,FALSE
600039,TRUE,FALSE
600040,TRUE,FALSE
600041,TRUE,FALSE
600042,TRUE,FALSE
600043,TRUE,FALSE
600044,TRUE,FALSE
600045,TRUE,FALSE
600046,TRUE,FALSE
600047,TRUE,FALSE
600048,TRUE,FALSE
600049,TRUE,FALSE
600050,TRUE,FALSE
600051,TRUE,FALSE
600052,TRUE,FALSE
600053,TRUE,FALSE
600054,TRUE,FALSE
600055,TRUE,FALSE
600056,TRUE,FALSE
600057,TRUE,FALSE
600058,TRUE,FALSE
600059,TRUE,FALSE
600060,TRUE,FALSE
600061,TRUE,FALSE
600062,TRUE,FALSE
600063,TRUE,FALSE
600064,TRUE,FALSE
600065,TRUE,FALSE
600066,TRUE,FALSE
600067,TRUE,FALSE
600068,TRUE,FALSE
600069,TRUE,FALSE
600070,TRUE,FALSE
600071,TRUE,FALSE
600072,TRUE,FALSE
600073,TRUE,FALSE
600074,TRUE,FALSE
600075,TRUE,FALSE
600076,TRUE,FALSE
600077,TRUE,FALSE
600078,TRUE,FALSE
600079,TRUE,FALSE
600080,TRUE,FALSE
600081,TRUE,FALSE
600082,TRUE,FALSE
600083,TRUE,FALSE
600084,TRUE,FALSE
600085,TRUE,FALSE
600086,TRUE,FALSE
600087,TRUE,FALSE
600088,TRUE,FALSE
600089,TRUE,FALSE
600090,TRUE,FALSE
600091,TRUE,FALSE
600092,TRUE,FALSE
600093,TRUE,FALSE
600094,TRUE,FALSE
600095,TRUE,FALSE
600096,TRUE,FALSE
600097,TRUE,FALSE
600098,TRUE,FALSE
600099,TRUE,FALSE
600100,TRUE,FALSE
600101,TRUE,FALSE
600102,TRUE,FALSE
600103,TRUE,FALSE
600104,TRUE,FALSE
600105,TRUE,FALSE
600106,TRUE,FALSE
600107,TRUE,FALSE
600108,TRUE,FALSE
600109,TRUE,FALSE
600110,TRUE,FALSE
600111,TRUE,FALSE
600112,TRUE,FALSE
600113,TRUE,FALSE
600114,TRUE,FALSE
600115,TRUE,FALSE
600116,TRUE,FALSE
600117,TRUE,FALSE
600118,TRUE,FALSE
600119,TRUE,FALSE
600120,TRUE,FALSE
600121,TRUE,FALSE
600122,TRUE,FALSE
600123,TRUE,FALSE
600124,TRUE,FALSE
600125,TRUE,FALSE
600126,TRUE,FALSE
600127,TRUE,FALSE
600128,TRUE,FALSE
600129,TRUE,FALSE
600130,TRUE,FALSE
600131,TRUE,FALSE
600132,TRUE,FALSE
600133,TRUE,FALSE
600134,TRUE,FALSE
600135,TRUE,FALSE
600136,TRUE,FALSE
600137,TRUE,FALSE
600138,TRUE,FALSE
600139,TRUE,FALSE
600140,TRUE,FALSE
600141,TRUE,FALSE
600142,TRUE,FALSE
600143,TRUE,FALSE
600144,TRUE,FALSE
600145,TRUE,FALSE
600146,TRUE,FALSE
600147,TRUE,FALSE
600148,TRUE,FALSE
600149,TRUE,FALSE
600150,TRUE,FALSE
600151,TRUE,FALSE
600152,TRUE,FALSE
600153,TRUE,FALSE
600154,TRUE,FALSE
600155,TRUE,FALSE
600156,TRUE,FALSE
600157,TRUE,FALSE
600158,TRUE,FALSE
600159,TRUE,FALSE
600160,TRUE,FALSE
600161,TRUE,FALSE
600162,TRUE,FALSE
600163,TRUE,FALSE
600164,TRUE,FALSE
600165,TRUE,FALSE
600166,TRUE,FALSE
600167,TRUE,FALSE
600168,TRUE,FALSE
600169,TRUE,FALSE
600170,TRUE,FALSE
600171,TRUE,FALSE
600172,TRUE,FALSE
600173,TRUE,FALSE
600174,TRUE,FALSE
600175,TRUE,FALSE
600176,TRUE,FALSE
600177,TRUE,FALSE
600178,TRUE,FALSE
600179,TRUE,FALSE
600180,TRUE,FALSE
600181,TRUE,FALSE
600182,TRUE,FALSE
600183,TRUE,FALSE
600184,TRUE,FALSE
600185,TRUE,FALSE
600186,TRUE,FALSE
600187,TRUE,FALSE
600188,TRUE,FALSE
600189,TRUE,FALSE
600190,TRUE,FALSE
600191,TRUE,FALSE
600192,TRUE,FALSE
600193,TRUE,FALSE
600194,TRUE,FALSE
600195,TRUE,FALSE
600196,TRUE,FALSE
600197,TRUE,FALSE
600198,TRUE,FALSE
600199,TRUE,FALSE
600200,TRUE,FALSE
600201,TRUE,FALSE
600202,TRUE,FALSE
600203,TRUE,FALSE
600204,TRUE,FALSE
600205,TRUE,FALSE
600206,TRUE,FALSE
600207,TRUE,FALSE
600208,TRUE,FALSE
600209,TRUE,FALSE
600210,TRUE,FALSE
600211,TRUE,FALSE
600212,TRUE,FALSE
600213,TRUE,FALSE
600214,TRUE,FALSE
600215,TRUE,FALSE
600216,TRUE,FALSE
600217,TRUE,FALSE
600218,TRUE,FALSE
600219,TRUE,FALSE
600220,TRUE,FALSE
600221,TRUE,FALSE
600222,TRUE,FALSE
600223,TRUE,FALSE
600224,TRUE,FALSE
600225,TRUE,FALSE
600226,TRUE,FALSE
600227,TRUE,FALSE
600228,TRUE,FALSE
600229,TRUE,FALSE
600230,TRUE,FALSE
600231,TRUE,FALSE
600232,TRUE,FALSE
600233,TRUE,FALSE
600234,TRUE,FALSE
600235,TRUE,FALSE
600236,TRUE,FALSE
600237,TRUE,FALSE
600238,TRUE,FALSE
600239,TRUE,FALSE
600240,TRUE,FALSE
600241,TRUE,FALSE
600242,TRUE,FALSE
600243,TRUE,FALSE
600244,TRUE,FALSE
600245,TRUE,FALSE
600246,TRUE,FALSE
600247,TRUE,FALSE
600248,TRUE,FALSE
600249,TRUE,FALSE
600250,TRUE,FALSE
600251,TRUE,FALSE
600252,TRUE,FALSE
600253,TRUE,FALSE
600254,TRUE,FALSE
600255,TRUE,FALSE
600256,TRUE,FALSE
600257,TRUE,FALSE
600258,TRUE,FALSE
600259,TRUE,FALSE
600260,TRUE,FALSE
600261,TRUE,FALSE
600262,TRUE,FALSE
600263,TRUE,FALSE
600264,TRUE,FALSE
600265,TRUE,FALSE
600266,TRUE,FALSE
600267,TRUE,FALSE
600268,TRUE,FALSE
600269,TRUE,FALSE
600270,TRUE,FALSE
600271,TRUE,FALSE
600272,TRUE,FALSE
600273,TRUE,FALSE
600274,TRUE,FALSE
600275,TRUE,FALSE
600276,TRUE,FALSE
600277,TRUE,FALSE
600278,TRUE,FALSE
600279,TRUE,FALSE
600280,TRUE,FALSE
600281,TRUE,FALSE
600282,TRUE,FALSE
600283,TRUE,FALSE
600284,TRUE,FALSE
600285,TRUE,FALSE
600286,TRUE,FALSE
600287,TRUE,FALSE
600288,TRUE,FALSE
600289,TRUE,FALSE
600290,TRUE,FALSE
600291,TRUE,FALSE
600292,TRUE,FALSE
600293,TRUE,FALSE
600294,TRUE,FALSE
600295,TRUE,FALSE
600296,TRUE,FALSE
600297,TRUE,FALSE
600298,TRUE,FALSE
600299,TRUE,FALSE
600300,TRUE,FALSE
600301,TRUE,FALSE
600302,TRUE,FALSE
600303,TRUE,FALSE
600304,TRUE,FALSE
600305,TRUE,FALSE
600306,TRUE,FALSE
600307,TRUE,FALSE
600308,TRUE,FALSE
600309,TRUE,FALSE
600310,TRUE,FALSE
600311,TRUE,FALSE
600312,TRUE,FALSE
600313,TRUE,FALSE
600314,TRUE,FALSE
600315,TRUE,FALSE
600316,TRUE,FALSE
600317,TRUE,FALSE
600318,TRUE,FALSE
600319,TRUE,FALSE
600320,TRUE,FALSE
600321,TRUE,FALSE
600322,TRUE,FALSE
600323,TRUE,FALSE
600324,TRUE,FALSE
600325,TRUE,FALSE
600326,TRUE,FALSE
600327,TRUE,FALSE
600328,TRUE,FALSE
600329,TRUE,FALSE
600330,TRUE,FALSE
600331,TRUE,FALSE
600332,TRUE,FALSE
600333,TRUE,FALSE
600334,TRUE,FALSE
600335,TRUE,FALSE
600336,TRUE,FALSE
600337,TRUE,FALSE
600338,TRUE,FALSE
600339,TRUE,FALSE
600340,TRUE,FALSE
600341,TRUE,FALSE
600342,TRUE,FALSE
600343,TRUE,FALSE
600344,TRUE,FALSE
600345,TRUE,FALSE
600346,TRUE,FALSE
600347,TRUE,FALSE
600348,TRUE,FALSE
600349,TRUE,FALSE
600350,TRUE,FALSE
600351,TRUE,FALSE
600352,TRUE,FALSE
600353,TRUE,FALSE
600354,TRUE,FALSE
600355,TRUE,FALSE
600356,TRUE,FALSE
600357,TRUE,FALSE
600358,TRUE,FALSE
600359,TRUE,FALSE
600360,TRUE,FALSE
600361,TRUE,FALSE
600362,TRUE,FALSE
600363,TRUE,FALSE
600364,TRUE,FALSE
600365,TRUE,FALSE
600366,TRUE,FALSE
600367,TRUE,FALSE
600368,TRUE,FALSE
600369,TRUE,FALSE
600370,TRUE,FALSE
600371,TRUE,FALSE
600372,TRUE,FALSE
600373,TRUE,FALSE
600374,TRUE,FALSE
600375,TRUE,FALSE
600376,TRUE,FALSE
600377,TRUE,FALSE
600378,TRUE,FALSE
600379,TRUE,FALSE
600380,TRUE,FALSE
600381,TRUE,FALSE
600382,TRUE,FALSE
600383,TRUE,FALSE
600384,TRUE,FALSE
600385,TRUE,FALSE
600386,TRUE,FALSE
600387,TRUE,FALSE
600388,TRUE,FALSE
600389,TRUE,FALSE
600390,TRUE,FALSE
600391,TRUE,FALSE
600392,TRUE,FALSE
600393,TRUE,FALSE
600394,TRUE,FALSE
600395,TRUE,FALSE
600396,TRUE,FALSE
600397,TRUE,FALSE
600398,TRUE,FALSE
600399,TRUE,FALSE
600400,TRUE,FALSE
600401,TRUE,FALSE
600402,TRUE,FALSE
600403,TRUE,FALSE
600404,TRUE,FALSE
600405,TRUE,FALSE
600406,TRUE,FALSE
600407,TRUE,FALSE
600408,TRUE,FALSE
600409,TRUE,FALSE
600410,TRUE,FALSE
600411,TRUE,FALSE
600412,TRUE,FALSE
600413,TRUE,FALSE
600414,TRUE,FALSE
600415,TRUE,FALSE
600416,TRUE,FALSE
600417,TRUE,FALSE
600418,TRUE,FALSE
600419,TRUE,FALSE
600420,TRUE,FALSE
600421,TRUE,FALSE
600422,TRUE,FALSE
600423,TRUE,FALSE
600424,TRUE,FALSE
600425,TRUE,FALSE
600426,TRUE,FALSE
600427,TRUE,FALSE
600428,TRUE,FALSE
600429,TRUE,FALSE
600430,TRUE,FALSE
600431,TRUE,FALSE
600432,TRUE,FALSE
600433,TRUE,FALSE
600434,TRUE,FALSE
600435,TRUE,FALSE
600436,TRUE,FALSE
600437,TRUE,FALSE
600438,TRUE,FALSE
600439,TRUE,FALSE
600440,TRUE,FALSE
600441,TRUE,FALSE
600442,TRUE,FALSE
600443,TRUE,FALSE
600444,TRUE,FALSE
600445,TRUE,FALSE
600446,TRUE,FALSE
600447,TRUE,FALSE
600448,TRUE,FALSE
600449,TRUE,FALSE
600450,TRUE,FALSE
600451,TRUE,FALSE
600452,TRUE,FALSE
600453,TRUE,FALSE
600454,TRUE,FALSE
600455,TRUE,FALSE
600456,TRUE,FALSE
600457,TRUE,FALSE
600458,TRUE,FALSE
600459,TRUE,FALSE
600460,TRUE,FALSE
600461,TRUE,FALSE
600462,TRUE,FALSE
600463,TRUE,FALSE
600464,TRUE,FALSE
600465,TRUE,FALSE
600466,TRUE,FALSE
600467,TRUE,FALSE
600468,TRUE,FALSE
600469,TRUE,FALSE
600470,TRUE,FALSE
600471,TRUE,FALSE
600472,TRUE,FALSE
600473,TRUE,FALSE
600474,TRUE,FALSE
600475,TRUE,FALSE
600476,TRUE,FALSE
600477,TRUE,FALSE
600478,TRUE,FALSE
600479,TRUE,FALSE
600480,TRUE,FALSE
600481,TRUE,FALSE
600482,TRUE,FALSE
600483,TRUE,FALSE
600484,TRUE,FALSE
600485,TRUE,FALSE
600486,TRUE,FALSE
600487,TRUE,FALSE
600488,TRUE,FALSE
600489,TRUE,FALSE
600490,TRUE,FALSE
600491,TRUE,FALSE
600492,TRUE,FALSE
600493,TRUE,FALSE
600494,TRUE,FALSE
600495,TRUE,FALSE
600496,TRUE,FALSE
600497,TRUE,FALSE
600498,TRUE,FALSE
600499,TRUE,FALSE
600500,TRUE,FALSE
600501,TRUE,FALSE
600502,TRUE,FALSE
600503,TRUE,FALSE
600504,TRUE,FALSE
600505,TRUE,FALSE
600506,TRUE,FALSE
600507,TRUE,FALSE
600508,TRUE,FALSE
600509,TRUE,FALSE
600510,TRUE,FALSE
600511,TRUE,FALSE
600512,TRUE,FALSE
600513,TRUE,FALSE
600514,TRUE,FALSE
600515,TRUE,FALSE
600516,TRUE,FALSE
600517,TRUE,FALSE
600518,TRUE,FALSE
600519,TRUE,FALSE
600520,TRUE,FALSE
600521,TRUE,FALSE
600522,TRUE,FALSE
600523,TRUE,FALSE
600524,TRUE,FALSE
600525,TRUE,FALSE
600526,TRUE,FALSE
600527,TRUE,FALSE
600528,TRUE,FALSE
600529,TRUE,FALSE
600530,TRUE,FALSE
600531,TRUE,FALSE
600532,TRUE,FALSE
600533,TRUE,FALSE
600534,TRUE,FALSE
600535,TRUE,FALSE
600536,TRUE,FALSE
600537,TRUE,FALSE
600538,TRUE,FALSE
600539,TRUE,FALSE
600540,TRUE,FALSE
600542,TRUE,FALSE
600543,TRUE,FALSE
600544,TRUE,FALSE
600545,TRUE,FALSE
600546,TRUE,FALSE
600547,TRUE,FALSE
600548,TRUE,FALSE
600549,TRUE,FALSE
600550,TRUE,FALSE
600551,TRUE,FALSE
600552,TRUE,FALSE
600553,TRUE,FALSE
600554,TRUE,FALSE
600555,TRUE,FALSE
600556,TRUE,FALSE
600557,TRUE,FALSE
600558,TRUE,FALSE
600559,TRUE,FALSE
600560,TRUE,FALSE
600561,TRUE,FALSE
600562,TRUE,FALSE
600563,TRUE,FALSE
600564,TRUE,FALSE
600565,TRUE,FALSE
600566,TRUE,FALSE
600567,TRUE,FALSE
600568,TRUE,FALSE
600569,TRUE,FALSE
600570,TRUE,FALSE
600571,TRUE,FALSE
600572,TRUE,FALSE
600573,TRUE,FALSE
600574,TRUE,FALSE
600575,TRUE,FALSE
600576,TRUE,FALSE
600577,TRUE,FALSE
600578,TRUE,FALSE
600579,TRUE,FALSE
600580,TRUE,FALSE
600581,TRUE,FALSE
600582,TRUE,FALSE
600583,TRUE,FALSE
600584,TRUE,FALSE
600585,TRUE,FALSE
600586,TRUE,FALSE
600587,TRUE,FALSE
600588,TRUE,FALSE
600589,TRUE,FALSE
600590,TRUE,FALSE
600591,TRUE,FALSE
600592,TRUE,FALSE
600593,TRUE,FALSE
600594,TRUE,FALSE
600595,TRUE,FALSE
600596,TRUE,FALSE
600597,TRUE,FALSE
600598,TRUE,FALSE
600599,TRUE,FALSE
600600,TRUE,FALSE
600601,TRUE,FALSE
600602,TRUE,FALSE
600603,TRUE,FALSE
600604,TRUE,FALSE
600605,TRUE,FALSE
600606,TRUE,FALSE
600607,TRUE,FALSE
600608,TRUE,FALSE
600609,TRUE,FALSE
600610,TRUE,FALSE
600611,TRUE,FALSE
600612,TRUE,FALSE
600613,TRUE,FALSE
600614,TRUE,FALSE
600615,TRUE,FALSE
600616,TRUE,FALSE
600617,TRUE,FALSE
600618,TRUE,FALSE
600619,TRUE,FALSE
600620,TRUE,FALSE
600621,TRUE,FALSE
600622,TRUE,FALSE
600623,TRUE,FALSE
600624,TRUE,FALSE
600625,TRUE,FALSE
600626,TRUE,FALSE
600627,TRUE,FALSE
600628,TRUE,FALSE
600629,TRUE,FALSE
600630,TRUE,FALSE
600631,TRUE,FALSE
600632,TRUE,FALSE
600633,TRUE,FALSE
600634,TRUE,FALSE
600635,TRUE,FALSE
600636,TRUE,FALSE
600637,TRUE,FALSE
600638,TRUE,FALSE
600639,TRUE,FALSE
600640,TRUE,FALSE
600641,TRUE,FALSE
600642,TRUE,FALSE
600643,TRUE,FALSE
600644,TRUE,FALSE
600645,TRUE,FALSE
600646,TRUE,FALSE
600647,TRUE,FALSE
600648,TRUE,FALSE
600649,TRUE,FALSE
600650,TRUE,FALSE
600651,TRUE,FALSE
600652,TRUE,FALSE
600653,TRUE,FALSE
600654,TRUE,FALSE
600655,TRUE,FALSE
600656,TRUE,FALSE
600657,TRUE,FALSE
600658,TRUE,FALSE
600659,TRUE,FALSE
600660,TRUE,FALSE
600661,TRUE,FALSE
600662,TRUE,FALSE
600663,TRUE,FALSE
600664,TRUE,FALSE
600665,TRUE,FALSE
600666,TRUE,FALSE
600667,TRUE,FALSE
600668,TRUE,FALSE
600669,TRUE,FALSE
600670,TRUE,FALSE
600671,TRUE,FALSE
600672,TRUE,FALSE
600673,TRUE,FALSE
600674,TRUE,FALSE
600675,TRUE,FALSE
600676,TRUE,FALSE
600677,TRUE,FALSE
600678,TRUE,FALSE
600679,TRUE,FALSE
600680,TRUE,FALSE
600681,TRUE,FALSE
600682,TRUE,FALSE
600683,TRUE,FALSE
600684,TRUE,FALSE
600685,TRUE,FALSE
600686,TRUE,FALSE
600687,TRUE,FALSE
600688,TRUE,FALSE
600689,TRUE,FALSE
600690,TRUE,FALSE
600691,TRUE,FALSE
600692,TRUE,FALSE
600693,TRUE,FALSE
600694,TRUE,FALSE
600695,TRUE,FALSE
600696,TRUE,FALSE
600697,TRUE,FALSE
600698,TRUE,FALSE
600699,TRUE,FALSE
600700,TRUE,FALSE
600701,TRUE,FALSE
600702,TRUE,FALSE
600703,TRUE,FALSE
600704,TRUE,FALSE
600705,TRUE,FALSE
600706,TRUE,FALSE
600707,TRUE,FALSE
600708,TRUE,FALSE
600709,TRUE,FALSE
600710,TRUE,FALSE
600711,TRUE,FALSE
600712,TRUE,FALSE
600713,TRUE,FALSE
600714,TRUE,FALSE
600715,TRUE,FALSE
600716,TRUE,FALSE
600717,TRUE,FALSE
600718,TRUE,FALSE
600719,TRUE,FALSE
600720,TRUE,FALSE
600721,TRUE,FALSE
600722,TRUE,FALSE
600723,TRUE,FALSE
600724,TRUE,FALSE
600725,TRUE,FALSE
600726,TRUE,FALSE
600727,TRUE,FALSE
600728,TRUE,FALSE
600729,TRUE,FALSE
600730,TRUE,FALSE
600731,TRUE,FALSE
600732,TRUE,FALSE
600733,TRUE,FALSE
600734,TRUE,FALSE
600735,TRUE,FALSE
600736,TRUE,FALSE
600737,TRUE,FALSE
600738,TRUE,FALSE
600739,TRUE,FALSE
600740,TRUE,FALSE
600741,TRUE,FALSE
600742,TRUE,FALSE
600743,TRUE,FALSE
600744,TRUE,FALSE
600745,TRUE,FALSE
600746,TRUE,FALSE
600747,TRUE,FALSE
600748,TRUE,FALSE
600749,TRUE,FALSE
600750,TRUE,FALSE
600751,TRUE,FALSE
600752,TRUE,FALSE
600753,TRUE,FALSE
600754,TRUE,FALSE
600755,TRUE,FALSE
600756,TRUE,FALSE
600757,TRUE,FALSE
600758,TRUE,FALSE
600759,TRUE,FALSE
600760,TRUE,FALSE
600761,TRUE,FALSE
600762,TRUE,FALSE
600763,TRUE,FALSE
600764,TRUE,FALSE
600765,TRUE,FALSE
600766,TRUE,FALSE
600767,TRUE,FALSE
600768,TRUE,FALSE
600769,TRUE,FALSE
600770,TRUE,FALSE
600771,TRUE,FALSE
600772,TRUE,FALSE
600773,TRUE,FALSE
600774,TRUE,FALSE
600775,TRUE,FALSE
600776,TRUE,FALSE
600777,TRUE,FALSE
600778,TRUE,FALSE
600779,TRUE,FALSE
600780,TRUE,FALSE
600781,TRUE,FALSE
600782,TRUE,FALSE
600783,TRUE,FALSE
600784,TRUE,FALSE
600785,TRUE,FALSE
600786,TRUE,FALSE
600787,TRUE,FALSE
600788,TRUE,FALSE
600789,TRUE,FALSE
600790,TRUE,FALSE
600791,TRUE,FALSE
600792,TRUE,FALSE
600793,TRUE,FALSE
600794,TRUE,FALSE
600795,TRUE,FALSE
600796,TRUE,FALSE
600797,TRUE,FALSE
600798,TRUE,FALSE
600799,TRUE,FALSE
600800,TRUE,FALSE
600801,TRUE,FALSE
600802,TRUE,FALSE
600803,TRUE,FALSE
600804,TRUE,FALSE
600805,TRUE,FALSE
600806,TRUE,FALSE
600807,TRUE,FALSE
600808,TRUE,FALSE
600809,TRUE,FALSE
600810,TRUE,FALSE
600811,TRUE,FALSE
600812,TRUE,FALSE
600813,TRUE,FALSE
600814,TRUE,FALSE
600815,TRUE,FALSE
600816,TRUE,FALSE
600817,TRUE,FALSE
600818,TRUE,FALSE
600819,TRUE,FALSE
600820,TRUE,FALSE
600821,TRUE,FALSE
600822,TRUE,FALSE
600823,TRUE,FALSE
600824,TRUE,FALSE
600825,TRUE,FALSE
600826,TRUE,FALSE
600827,TRUE,FALSE
600828,TRUE,FALSE
600829,TRUE,FALSE
600830,TRUE,FALSE
600831,TRUE,FALSE
600832,TRUE,FALSE
600833,TRUE,FALSE
600834,TRUE,FALSE
600835,TRUE,FALSE
600836,TRUE,FALSE
600837,TRUE,FALSE
600838,TRUE,FALSE
600839,TRUE,FALSE
600840,TRUE,FALSE
600841,TRUE,FALSE
600842,TRUE,FALSE
600843,TRUE,FALSE
600844,TRUE,FALSE
600845,TRUE,FALSE
600846,TRUE,FALSE
600847,TRUE,FALSE
600848,TRUE,FALSE
600849,TRUE,FALSE
600850,TRUE,FALSE
600851,TRUE,FALSE
600852,TRUE,FALSE
600853,TRUE,FALSE
600854,TRUE,FALSE
600855,TRUE,FALSE
600856,TRUE,FALSE
600857,TRUE,FALSE
600858,TRUE,FALSE
600859,TRUE,FALSE
600860,TRUE,FALSE
600861,TRUE,FALSE
600862,TRUE,FALSE
600863,TRUE,FALSE
600864,TRUE,FALSE
600865,TRUE,FALSE
600866,TRUE,FALSE
600867,TRUE,FALSE
600868,TRUE,FALSE
600869,TRUE,FALSE
600870,TRUE,FALSE
600871,TRUE,FALSE
600872,TRUE,FALSE
600873,TRUE,FALSE
600874,TRUE,FALSE
600875,TRUE,FALSE
600876,TRUE,FALSE
600877,TRUE,FALSE
600878,TRUE,FALSE
600879,TRUE,FALSE
600880,TRUE,FALSE
600881,TRUE,FALSE
600882,TRUE,FALSE
600883,TRUE,FALSE
600884,TRUE,FALSE
600885,TRUE,FALSE
600886,TRUE,FALSE
600887,TRUE,FALSE
600888,TRUE,FALSE
600889,TRUE,FALSE
600890,TRUE,FALSE
600891,TRUE,FALSE
600892,TRUE,FALSE
600893,TRUE,FALSE
600894,TRUE,FALSE
600895,TRUE,FALSE
600896,TRUE,FALSE
600897,TRUE,FALSE
600898,TRUE,FALSE
600899,TRUE,FALSE
600900,TRUE,FALSE
600901,TRUE,FALSE
600902,TRUE,FALSE
600903,TRUE,FALSE
600904,TRUE,FALSE
600905,TRUE,FALSE
600906,TRUE,FALSE
600907,TRUE,FALSE
600908,TRUE,FALSE
600909,TRUE,FALSE
600910,TRUE,FALSE
600911,TRUE,FALSE
600912,TRUE,FALSE
600913,TRUE,FALSE
600914,TRUE,FALSE
600915,TRUE,FALSE
600916,TRUE,FALSE
600917,TRUE,FALSE
600918,TRUE,FALSE
600919,TRUE,FALSE
600920,TRUE,FALSE
600921,TRUE,FALSE
600922,TRUE,FALSE
600923,TRUE,FALSE
600924,TRUE,FALSE
600925,TRUE,FALSE
600926,TRUE,FALSE
600927,TRUE,FALSE
600928,TRUE,FALSE
600929,TRUE,FALSE
600930,TRUE,FALSE
600931,TRUE,FALSE
600932,TRUE,FALSE
600933,TRUE,FALSE
600934,TRUE,FALSE
600935,TRUE,FALSE
600937,TRUE,FALSE
600938,TRUE,FALSE
600939,TRUE,FALSE
600940,TRUE,FALSE
600941,TRUE,FALSE
600942,TRUE,FALSE
600943,TRUE,FALSE
600944,TRUE,FALSE
600945,TRUE,FALSE
600946,TRUE,FALSE
600947,TRUE,FALSE
600948,TRUE,FALSE
600949,TRUE,FALSE
600950,TRUE,FALSE
600951,TRUE,FALSE
600952,TRUE,FALSE
600953,TRUE,FALSE
600954,TRUE,FALSE
600955,TRUE,FALSE
600956,TRUE,FALSE
600957,TRUE,FALSE
600958,TRUE,FALSE
600959,TRUE,FALSE
600960,TRUE,FALSE
600961,TRUE,FALSE
600962,TRUE,FALSE
600963,TRUE,FALSE
600964,TRUE,FALSE
600965,TRUE,FALSE
600966,TRUE,FALSE
600967,TRUE,FALSE
600968,TRUE,FALSE
600969,TRUE,FALSE
600970,TRUE,FALSE
600971,TRUE,FALSE
600972,TRUE,FALSE
600973,TRUE,FALSE
600974,TRUE,FALSE
600975,TRUE,FALSE
600976,TRUE,FALSE
600977,TRUE,FALSE
600978,TRUE,FALSE
600979,TRUE,FALSE
600980,TRUE,FALSE
600981,TRUE,FALSE
600982,TRUE,FALSE
600983,TRUE,FALSE
600984,TRUE,FALSE
600985,TRUE,FALSE
600986,TRUE,FALSE
600987,TRUE,FALSE
600988,TRUE,FALSE
600989,TRUE,FALSE
600990,TRUE,FALSE
600991,TRUE,FALSE
600992,TRUE,FALSE
600993,TRUE,FALSE
600994,TRUE,FALSE
600995,TRUE,FALSE
600996,TRUE,FALSE
600997,TRUE,FALSE
600998,TRUE,FALSE
600999,TRUE,FALSE
601001,TRUE,FALSE
601002,TRUE,FALSE
601003,TRUE,FALSE
601004,TRUE,FALSE
601005,TRUE,FALSE
601006,TRUE,FALSE
601007,TRUE,FALSE
601008,TRUE,FALSE
601009,TRUE,FALSE
601010,TRUE,FALSE
601011,TRUE,FALSE
601012,TRUE,FALSE
601013,TRUE,FALSE
601014,TRUE,FALSE
601015,TRUE,FALSE
601016,TRUE,FALSE
601017,TRUE,FALSE
601018,TRUE,FALSE
601019,TRUE,FALSE
601021,TRUE,FALSE
601022,TRUE,FALSE
601023,TRUE,FALSE
601024,TRUE,FALSE
601025,TRUE,FALSE
601026,TRUE,FALSE
601027,TRUE,FALSE
601028,TRUE,FALSE
601029,TRUE,FALSE
601030,TRUE,FALSE
601031,TRUE,FALSE
601032,TRUE,FALSE
601033,TRUE,FALSE
601034,TRUE,FALSE
601035,TRUE,FALSE
601036,TRUE,FALSE
601037,TRUE,FALSE
601038,TRUE,FALSE
601039,TRUE,FALSE
601040,TRUE,FALSE
601041,TRUE,FALSE
601042,TRUE,FALSE
601043,TRUE,FALSE
601044,TRUE,FALSE
601045,TRUE,FALSE
601046,TRUE,FALSE
601047,TRUE,FALSE
601048,TRUE,FALSE
601049,TRUE,FALSE
601050,TRUE,FALSE
601051,TRUE,FALSE
601052,TRUE,FALSE
601053,TRUE,FALSE
601054,TRUE,FALSE
601055,TRUE,FALSE
601056,TRUE,FALSE
601057,TRUE,FALSE
601058,TRUE,FALSE
601059,TRUE,FALSE
601060,TRUE,FALSE
601061,TRUE,FALSE
601062,TRUE,FALSE
601063,TRUE,FALSE
601064,TRUE,FALSE
601065,TRUE,FALSE
601066,TRUE,FALSE
601067,TRUE,FALSE
601068,TRUE,FALSE
601069,TRUE,FALSE
601070,TRUE,FALSE
601071,TRUE,FALSE
601072,TRUE,FALSE
601073,TRUE,FALSE
601074,TRUE,FALSE
601075,TRUE,FALSE
601076,TRUE,FALSE
601077,TRUE,FALSE
601078,TRUE,FALSE
601079,TRUE,FALSE
601080,TRUE,FALSE
601081,TRUE,FALSE
601082,TRUE,FALSE
601083,TRUE,FALSE
601084,TRUE,FALSE
601085,TRUE,FALSE
601086,TRUE,FALSE
601087,TRUE,FALSE
601088,TRUE,FALSE
601089,TRUE,FALSE
601090,TRUE,FALSE
601091,TRUE,FALSE
601092,TRUE,FALSE
601093,TRUE,FALSE
601094,TRUE,FALSE
601095,TRUE,FALSE
601096,TRUE,FALSE
601097,TRUE,FALSE
601098,TRUE,FALSE
601099,TRUE,FALSE
601100,TRUE,FALSE
601101,TRUE,FALSE
601102,TRUE,FALSE
601103,TRUE,FALSE
601104,TRUE,FALSE
601105,TRUE,FALSE
601106,TRUE,FALSE
601107,TRUE,FALSE
601108,TRUE,FALSE
601109,TRUE,FALSE
601110,TRUE,FALSE
601111,TRUE,FALSE
601112,TRUE,FALSE
601113,TRUE,FALSE
601114,TRUE,FALSE
601115,TRUE,FALSE
601116,TRUE,FALSE
601117,TRUE,FALSE
601118,TRUE,FALSE
601119,TRUE,FALSE
601120,TRUE,FALSE
601121,TRUE,FALSE
601122,TRUE,FALSE
601123,TRUE,FALSE
601124,TRUE,FALSE
601125,TRUE,FALSE
601126,TRUE,FALSE
601127,TRUE,FALSE
601128,TRUE,FALSE
601129,TRUE,FALSE
601130,TRUE,FALSE
601131,TRUE,FALSE
601132,TRUE,FALSE
601133,TRUE,FALSE
601134,TRUE,FALSE
601135,TRUE,FALSE
601136,TRUE,FALSE
601137,TRUE,FALSE
601138,TRUE,FALSE
601139,TRUE,FALSE
601140,TRUE,FALSE
601141,TRUE,FALSE
601142,TRUE,FALSE
601143,TRUE,FALSE
601144,TRUE,FALSE
601145,TRUE,FALSE
601146,TRUE,FALSE
601147,TRUE,FALSE
601148,TRUE,FALSE
601149,TRUE,FALSE
601150,TRUE,FALSE
601151,TRUE,FALSE
601152,TRUE,FALSE
601153,TRUE,FALSE
601154,TRUE,FALSE
601155,TRUE,FALSE
601156,TRUE,FALSE
601157,TRUE,FALSE
601158,TRUE,FALSE
601159,TRUE,FALSE
601160,TRUE,FALSE
601161,TRUE,FALSE
601162,TRUE,FALSE
601163,TRUE,FALSE
601164,TRUE,FALSE
601165,TRUE,FALSE
601166,TRUE,FALSE
601167,TRUE,FALSE
601168,TRUE,FALSE
601169,TRUE,FALSE
601170,TRUE,FALSE
601171,TRUE,FALSE
601172,TRUE,FALSE
601173,TRUE,FALSE
601174,TRUE,FALSE
601175,TRUE,FALSE
601176,TRUE,FALSE
601177,TRUE,FALSE
601178,TRUE,FALSE
601179,TRUE,FALSE
601180,TRUE,FALSE
601181,TRUE,FALSE
601182,TRUE,FALSE
601183,TRUE,FALSE
601184,TRUE,FALSE
601185,TRUE,FALSE
601186,TRUE,FALSE
601187,TRUE,FALSE
601188,TRUE,FALSE
601189,TRUE,FALSE
601190,TRUE,FALSE
601191,TRUE,FALSE
601192,TRUE,FALSE
601193,TRUE,FALSE
601194,TRUE,FALSE
601195,TRUE,FALSE
601196,TRUE,FALSE
601197,TRUE,FALSE
601198,TRUE,FALSE
601199,TRUE,FALSE
601200,TRUE,FALSE
601201,TRUE,FALSE
601202,TRUE,FALSE
601203,TRUE,FALSE
601204,TRUE,FALSE
601205,TRUE,FALSE
601206,TRUE,FALSE
601207,TRUE,FALSE
601208,TRUE,FALSE
601209,TRUE,FALSE
601210,TRUE,FALSE
601211,TRUE,FALSE
601212,TRUE,FALSE
601213,TRUE,FALSE
601214,TRUE,FALSE
601215,TRUE,FALSE
601216,TRUE,FALSE
601217,TRUE,FALSE
601218,TRUE,FALSE
601219,TRUE,FALSE
601220,TRUE,FALSE
601221,TRUE,FALSE
601222,TRUE,FALSE
601223,TRUE,FALSE
601224,TRUE,FALSE
601225,TRUE,FALSE
601226,TRUE,FALSE
601227,TRUE,FALSE
601228,TRUE,FALSE
601229,TRUE,FALSE
601230,TRUE,FALSE
601231,TRUE,FALSE
601232,TRUE,FALSE
601233,TRUE,FALSE
601234,TRUE,FALSE
601235,TRUE,FALSE
601236,TRUE,FALSE
601237,TRUE,FALSE
601238,TRUE,FALSE
601239,TRUE,FALSE
601240,TRUE,FALSE
601241,TRUE,FALSE
601242,TRUE,FALSE
601243,TRUE,FALSE
601244,TRUE,FALSE
601245,TRUE,FALSE
601246,TRUE,FALSE
601247,TRUE,FALSE
601248,TRUE,FALSE
601249,TRUE,FALSE
601250,TRUE,FALSE
601251,TRUE,FALSE
601252,TRUE,FALSE
601253,TRUE,FALSE
601254,TRUE,FALSE
601255,TRUE,FALSE
601256,TRUE,FALSE
601257,TRUE,FALSE
601258,TRUE,FALSE
601259,TRUE,FALSE
601260,TRUE,FALSE
601261,TRUE,FALSE
601262,TRUE,FALSE
601263,TRUE,FALSE
601264,TRUE,FALSE
601265,TRUE,FALSE
601266,TRUE,FALSE
601267,TRUE,FALSE
601268,TRUE,FALSE
601269,TRUE,FALSE
601270,TRUE,FALSE
601271,TRUE,FALSE
601272,TRUE,FALSE
601273,TRUE,FALSE
601274,TRUE,FALSE
601275,TRUE,FALSE
601276,TRUE,FALSE
601277,TRUE,FALSE
601278,TRUE,FALSE
601279,TRUE,FALSE
601280,TRUE,FALSE
601281,TRUE,FALSE
601282,TRUE,FALSE
601283,TRUE,FALSE
601284,TRUE,FALSE
601285,TRUE,FALSE
601286,TRUE,FALSE
601287,TRUE,FALSE
601288,TRUE,FALSE
601289,TRUE,FALSE
601290,TRUE,FALSE
601291,TRUE,FALSE
601292,TRUE,FALSE
601293,TRUE,FALSE
601294,TRUE,FALSE
601295,TRUE,FALSE
601296,TRUE,FALSE
601297,TRUE,FALSE
601298,TRUE,FALSE
601299,TRUE,FALSE
601300,TRUE,FALSE
601301,TRUE,FALSE
601302,TRUE,FALSE
601303,TRUE,FALSE
601304,TRUE,FALSE
601305,TRUE,FALSE
601306,TRUE,FALSE
601307,TRUE,FALSE
601308,TRUE,FALSE
601309,TRUE,FALSE
601310,TRUE,FALSE
601311,TRUE,FALSE
601312,TRUE,FALSE
601313,TRUE,FALSE
601314,TRUE,FALSE
601315,TRUE,FALSE
601316,TRUE,FALSE
601317,TRUE,FALSE
601318,TRUE,FALSE
601319,TRUE,FALSE
601320,TRUE,FALSE
601321,TRUE,FALSE
601322,TRUE,FALSE
601323,TRUE,FALSE
601324,TRUE,FALSE
601325,TRUE,FALSE
601326,TRUE,FALSE
601327,TRUE,FALSE
601328,TRUE,FALSE
601329,TRUE,FALSE
601330,TRUE,FALSE
601331,TRUE,FALSE
601332,TRUE,FALSE
601333,TRUE,FALSE
601334,TRUE,FALSE
601335,TRUE,FALSE
601336,TRUE,FALSE
601337,TRUE,FALSE
601338,TRUE,FALSE
601339,TRUE,FALSE
601340,TRUE,FALSE
601341,TRUE,FALSE
601342,TRUE,FALSE
601343,TRUE,FALSE
601344,TRUE,FALSE
601345,TRUE,FALSE
601346,TRUE,FALSE
601347,TRUE,FALSE
601348,TRUE,FALSE
601349,TRUE,FALSE
601350,TRUE,FALSE
601351,TRUE,FALSE
601352,TRUE,FALSE
601353,TRUE,FALSE
601354,TRUE,FALSE
601355,TRUE,FALSE
601356,TRUE,FALSE
601357,TRUE,FALSE
601358,TRUE,FALSE
601359,TRUE,FALSE
601360,TRUE,FALSE
601361,TRUE,FALSE
601362,TRUE,FALSE
601363,TRUE,FALSE
601364,TRUE,FALSE
601365,TRUE,FALSE
601366,TRUE,FALSE
601367,TRUE,FALSE
601368,TRUE,FALSE
601369,TRUE,FALSE
601370,TRUE,FALSE
601371,TRUE,FALSE
601372,TRUE,FALSE
601373,TRUE,FALSE
601374,TRUE,FALSE
601375,TRUE,FALSE
601376,TRUE,FALSE
601377,TRUE,FALSE
601378,TRUE,FALSE
601379,TRUE,FALSE
601380,TRUE,FALSE
601381,TRUE,FALSE
601382,TRUE,FALSE
601383,TRUE,FALSE
601384,TRUE,FALSE
601385,TRUE,FALSE
601386,TRUE,FALSE
601387,TRUE,FALSE
601388,TRUE,FALSE
601389,TRUE,FALSE
601390,TRUE,FALSE
601391,TRUE,FALSE
601392,TRUE,FALSE
601393,TRUE,FALSE
601394,TRUE,FALSE
601395,TRUE,FALSE
601396,TRUE,FALSE
601397,TRUE,FALSE
601398,TRUE,FALSE
601399,TRUE,FALSE
601400,TRUE,FALSE
601401,TRUE,FALSE
601402,TRUE,FALSE
601403,TRUE,FALSE
601404,TRUE,FALSE
601405,TRUE,FALSE
601406,TRUE,FALSE
601407,TRUE,FALSE
601408,TRUE,FALSE
601409,TRUE,FALSE
601410,TRUE,FALSE
601411,TRUE,FALSE
601412,TRUE,FALSE
601413,TRUE,FALSE
601414,TRUE,FALSE
601415,TRUE,FALSE
601416,TRUE,FALSE
601417,TRUE,FALSE
601418,TRUE,FALSE
601419,TRUE,FALSE
601420,TRUE,FALSE
601421,TRUE,FALSE
601422,TRUE,FALSE
601423,TRUE,FALSE
601424,TRUE,FALSE
601425,TRUE,FALSE
601426,TRUE,FALSE
601427,TRUE,FALSE
601428,TRUE,FALSE
601429,TRUE,FALSE
601430,TRUE,FALSE
601431,TRUE,FALSE
601432,TRUE,FALSE
601433,TRUE,FALSE
601434,TRUE,FALSE
601435,TRUE,FALSE
601436,TRUE,FALSE
601437,TRUE,FALSE
601438,TRUE,FALSE
601439,TRUE,FALSE
601440,TRUE,FALSE
601441,TRUE,FALSE
601442,TRUE,FALSE
601443,TRUE,FALSE
601444,TRUE,FALSE
601445,TRUE,FALSE
601446,TRUE,FALSE
601447,TRUE,FALSE
601448,TRUE,FALSE
601449,TRUE,FALSE
601450,TRUE,FALSE
601451,TRUE,FALSE
601452,TRUE,FALSE
601453,TRUE,FALSE
601454,TRUE,FALSE
601455,TRUE,FALSE
601456,TRUE,FALSE
601457,TRUE,FALSE
601458,TRUE,FALSE
601459,TRUE,FALSE
601460,TRUE,FALSE
601461,TRUE,FALSE
601462,TRUE,FALSE
601463,TRUE,FALSE
601464,TRUE,FALSE
601465,TRUE,FALSE
601466,TRUE,FALSE
601467,TRUE,FALSE
601468,TRUE,FALSE
601469,TRUE,FALSE
601470,TRUE,FALSE
601471,TRUE,FALSE
601472,TRUE,FALSE
601473,TRUE,FALSE
601474,TRUE,FALSE
601475,TRUE,FALSE
601476,TRUE,FALSE
601477,TRUE,FALSE
601478,TRUE,FALSE
601479,TRUE,FALSE
601480,TRUE,FALSE
601481,TRUE,FALSE
601482,TRUE,FALSE
601483,TRUE,FALSE
601484,TRUE,FALSE
601485,TRUE,FALSE
601486,TRUE,FALSE
601487,TRUE,FALSE
601488,TRUE,FALSE
601489,TRUE,FALSE
601490,TRUE,FALSE
601491,TRUE,FALSE
601492,TRUE,FALSE
601493,TRUE,FALSE
601494,TRUE,FALSE
601495,TRUE,FALSE
601496,TRUE,FALSE
601497,TRUE,FALSE
601498,TRUE,FALSE
601499,TRUE,FALSE
601500,TRUE,FALSE
601501,TRUE,FALSE
601502,TRUE,FALSE
601503,TRUE,FALSE
601504,TRUE,FALSE
601505,TRUE,FALSE
601506,TRUE,FALSE
601507,TRUE,FALSE
601508,TRUE,FALSE
601509,TRUE,FALSE
601510,TRUE,FALSE
601511,TRUE,FALSE
601512,TRUE,FALSE
601513,TRUE,FALSE
601514,TRUE,FALSE
601515,TRUE,FALSE
601516,TRUE,FALSE
601517,TRUE,FALSE
601518,TRUE,FALSE
601519,TRUE,FALSE
601520,TRUE,FALSE
601521,TRUE,FALSE
601522,TRUE,FALSE
601523,TRUE,FALSE
601524,TRUE,FALSE
601525,TRUE,FALSE
601526,TRUE,FALSE
601527,TRUE,FALSE
601528,TRUE,FALSE
601529,TRUE,FALSE
601530,TRUE,FALSE
601531,TRUE,FALSE
601532,TRUE,FALSE
601533,TRUE,FALSE
601534,TRUE,FALSE
601535,TRUE,FALSE
601536,TRUE,FALSE
601537,TRUE,FALSE
601538,TRUE,FALSE
601539,TRUE,FALSE
601540,TRUE,FALSE
601542,TRUE,FALSE
601543,TRUE,FALSE
601544,TRUE,FALSE
601545,TRUE,FALSE
601546,TRUE,FALSE
601547,TRUE,FALSE
601548,TRUE,FALSE
601549,TRUE,FALSE
601550,TRUE,FALSE
601551,TRUE,FALSE
601552,TRUE,FALSE
601553,TRUE,FALSE
601554,TRUE,FALSE
601555,TRUE,FALSE
601556,TRUE,FALSE
601557,TRUE,FALSE
601558,TRUE,FALSE
601559,TRUE,FALSE
601560,TRUE,FALSE
601561,TRUE,FALSE
601562,TRUE,FALSE
601563,TRUE,FALSE
601564,TRUE,FALSE
601565,TRUE,FALSE
601566,TRUE,FALSE
601567,TRUE,FALSE
601568,TRUE,FALSE
601569,TRUE,FALSE
601570,TRUE,FALSE
601571,TRUE,FALSE
601572,TRUE,FALSE
601573,TRUE,FALSE
601574,TRUE,FALSE
601575,TRUE,FALSE
601576,TRUE,FALSE
601577,TRUE,FALSE
601578,TRUE,FALSE
601579,TRUE,FALSE
601580,TRUE,FALSE
601581,TRUE,FALSE
601582,TRUE,FALSE
601583,TRUE,FALSE
601584,TRUE,FALSE
601585,TRUE,FALSE
601586,TRUE,FALSE
601587,TRUE,FALSE
601588,TRUE,FALSE
601589,TRUE,FALSE
601590,TRUE,FALSE
601591,TRUE,FALSE
601592,TRUE,FALSE
601593,TRUE,FALSE
601594,TRUE,FALSE
601595,TRUE,FALSE
601596,TRUE,FALSE
601597,TRUE,FALSE
601598,TRUE,FALSE
601599,TRUE,FALSE
601600,TRUE,FALSE
601601,TRUE,FALSE
601602,TRUE,FALSE
601603,TRUE,FALSE
601604,TRUE,FALSE
601605,TRUE,FALSE
601606,TRUE,FALSE
601607,TRUE,FALSE
601608,TRUE,FALSE
601609,TRUE,FALSE
601610,TRUE,FALSE
601611,TRUE,FALSE
601612,TRUE,FALSE
601613,TRUE,FALSE
601614,TRUE,FALSE
601615,TRUE,FALSE
601616,TRUE,FALSE
601617,TRUE,FALSE
601618,TRUE,FALSE
601619,TRUE,FALSE
601620,TRUE,FALSE
601621,TRUE,FALSE
601622,TRUE,FALSE
601623,TRUE,FALSE
601624,TRUE,FALSE
601625,TRUE,FALSE
601626,TRUE,FALSE
601627,TRUE,FALSE
601628,TRUE,FALSE
601629,TRUE,FALSE
601630,TRUE,FALSE
601631,TRUE,FALSE
601632,TRUE,FALSE
601633,TRUE,FALSE
601634,TRUE,FALSE
601635,TRUE,FALSE
601636,TRUE,FALSE
601637,TRUE,FALSE
601638,TRUE,FALSE
601639,TRUE,FALSE
601640,TRUE,FALSE
601641,TRUE,FALSE
601642,TRUE,FALSE
601643,TRUE,FALSE
601644,TRUE,FALSE
601645,TRUE,FALSE
601646,TRUE,FALSE
601647,TRUE,FALSE
601648,TRUE,FALSE
601649,TRUE,FALSE
601650,TRUE,FALSE
601651,TRUE,FALSE
601652,TRUE,FALSE
601653,TRUE,FALSE
601654,TRUE,FALSE
601655,TRUE,FALSE
601656,TRUE,FALSE
601657,TRUE,FALSE
601658,TRUE,FALSE
601659,TRUE,FALSE
601660,TRUE,FALSE
601661,TRUE,FALSE
601662,TRUE,FALSE
601663,TRUE,FALSE
601664,TRUE,FALSE
601665,TRUE,FALSE
601666,TRUE,FALSE
601667,TRUE,FALSE
601668,TRUE,FALSE
601669,TRUE,FALSE
601670,TRUE,FALSE
601671,TRUE,FALSE
601672,TRUE,FALSE
601673,TRUE,FALSE
601674,TRUE,FALSE
601675,TRUE,FALSE
601676,TRUE,FALSE
601677,TRUE,FALSE
601678,TRUE,FALSE
601679,TRUE,FALSE
601680,TRUE,FALSE
601681,TRUE,FALSE
601682,TRUE,FALSE
601683,TRUE,FALSE
601684,TRUE,FALSE
601685,TRUE,FALSE
601686,TRUE,FALSE
601687,TRUE,FALSE
601688,TRUE,FALSE
601689,TRUE,FALSE
601690,TRUE,FALSE
601691,TRUE,FALSE
601692,TRUE,FALSE
601693,TRUE,FALSE
601694,TRUE,FALSE
601695,TRUE,FALSE
601696,TRUE,FALSE
601697,TRUE,FALSE
601698,TRUE,FALSE
601699,TRUE,FALSE
601700,TRUE,FALSE
601701,TRUE,FALSE
601702,TRUE,FALSE
601703,TRUE,FALSE
601704,TRUE,FALSE
601705,TRUE,FALSE
601706,TRUE,FALSE
601707,TRUE,FALSE
601708,TRUE,FALSE
601709,TRUE,FALSE
601710,TRUE,FALSE
601711,TRUE,FALSE
601712,TRUE,FALSE
601713,TRUE,FALSE
601714,TRUE,FALSE
601715,TRUE,FALSE
601716,TRUE,FALSE
601717,TRUE,FALSE
601718,TRUE,FALSE
601719,TRUE,FALSE
601720,TRUE,FALSE
601721,TRUE,FALSE
601722,TRUE,FALSE
601723,TRUE,FALSE
601724,TRUE,FALSE
601725,TRUE,FALSE
601726,TRUE,FALSE
601727,TRUE,FALSE
601728,TRUE,FALSE
601729,TRUE,FALSE
601730,TRUE,FALSE
601731,TRUE,FALSE
601732,TRUE,FALSE
601733,TRUE,FALSE
601734,TRUE,FALSE
601735,TRUE,FALSE
601736,TRUE,FALSE
601737,TRUE,FALSE
601738,TRUE,FALSE
601739,TRUE,FALSE
601740,TRUE,FALSE
601741,TRUE,FALSE
601742,TRUE,FALSE
601743,TRUE,FALSE
601744,TRUE,FALSE
601745,TRUE,FALSE
601746,TRUE,FALSE
601747,TRUE,FALSE
601748,TRUE,FALSE
601749,TRUE,FALSE
601750,TRUE,FALSE
601751,TRUE,FALSE
601752,TRUE,FALSE
601753,TRUE,FALSE
601754,TRUE,FALSE
601755,TRUE,FALSE
601756,TRUE,FALSE
601757,TRUE,FALSE
601758,TRUE,FALSE
601759,TRUE,FALSE
601760,TRUE,FALSE
601761,TRUE,FALSE
601762,TRUE,FALSE
601763,TRUE,FALSE
601764,TRUE,FALSE
601765,TRUE,FALSE
601766,TRUE,FALSE
601767,TRUE,FALSE
601768,TRUE,FALSE
601769,TRUE,FALSE
601770,TRUE,FALSE
601771,TRUE,FALSE
601772,TRUE,FALSE
601773,TRUE,FALSE
601774,TRUE,FALSE
601775,TRUE,FALSE
601776,TRUE,FALSE
601777,TRUE,FALSE
601778,TRUE,FALSE
601779,TRUE,FALSE
601780,TRUE,FALSE
601781,TRUE,FALSE
601782,TRUE,FALSE
601783,TRUE,FALSE
601784,TRUE,FALSE
601785,TRUE,FALSE
601786,TRUE,FALSE
601787,TRUE,FALSE
601788,TRUE,FALSE
601789,TRUE,FALSE
601790,TRUE,FALSE
601791,TRUE,FALSE
601792,TRUE,FALSE
601793,TRUE,FALSE
601794,TRUE,FALSE
601795,TRUE,FALSE
601796,TRUE,FALSE
601797,TRUE,FALSE
601798,TRUE,FALSE
601799,TRUE,FALSE
601800,TRUE,FALSE
601801,TRUE,FALSE
601802,TRUE,FALSE
601803,TRUE,FALSE
601804,TRUE,FALSE
601805,TRUE,FALSE
601806,TRUE,FALSE
601807,TRUE,FALSE
601808,TRUE,FALSE
601809,TRUE,FALSE
601810,TRUE,FALSE
601811,TRUE,FALSE
601812,TRUE,FALSE
601813,TRUE,FALSE
601814,TRUE,FALSE
601815,TRUE,FALSE
601816,TRUE,FALSE
601817,TRUE,FALSE
601818,TRUE,FALSE
601819,TRUE,FALSE
601820,TRUE,FALSE
601821,TRUE,FALSE
601822,TRUE,FALSE
601823,TRUE,FALSE
601824,TRUE,FALSE
601825,TRUE,FALSE
601826,TRUE,FALSE
601827,TRUE,FALSE
601828,TRUE,FALSE
601829,TRUE,FALSE
601830,TRUE,FALSE
601831,TRUE,FALSE
601832,TRUE,FALSE
601833,TRUE,FALSE
601834,TRUE,FALSE
601835,TRUE,FALSE
601836,TRUE,FALSE
601837,TRUE,FALSE
601838,TRUE,FALSE
601839,TRUE,FALSE
601840,TRUE,FALSE
601841,TRUE,FALSE
601842,TRUE,FALSE
601843,TRUE,FALSE
601844,TRUE,FALSE
601845,TRUE,FALSE
601846,TRUE,FALSE
601847,TRUE,FALSE
601848,TRUE,FALSE
601849,TRUE,FALSE
601850,TRUE,FALSE
601851,TRUE,FALSE
601852,TRUE,FALSE
601853,TRUE,FALSE
601854,TRUE,FALSE
601855,TRUE,FALSE
601856,TRUE,FALSE
601857,TRUE,FALSE
601858,TRUE,FALSE
601859,TRUE,FALSE
601860,TRUE,FALSE
601861,TRUE,FALSE
601862,TRUE,FALSE
601863,TRUE,FALSE
601864,TRUE,FALSE
601865,TRUE,FALSE
601866,TRUE,FALSE
601867,TRUE,FALSE
601868,TRUE,FALSE
601869,TRUE,FALSE
601870,TRUE,FALSE
601871,TRUE,FALSE
601872,TRUE,FALSE
601873,TRUE,FALSE
601874,TRUE,FALSE
601875,TRUE,FALSE
601876,TRUE,FALSE
601877,TRUE,FALSE
601878,TRUE,FALSE
601879,TRUE,FALSE
601880,TRUE,FALSE
601881,TRUE,FALSE
601882,TRUE,FALSE
601883,TRUE,FALSE
601884,TRUE,FALSE
601885,TRUE,FALSE
601886,TRUE,FALSE
601887,TRUE,FALSE
601888,TRUE,FALSE
601889,TRUE,FALSE
601890,TRUE,FALSE
601891,TRUE,FALSE
601892,TRUE,FALSE
601893,TRUE,FALSE
601894,TRUE,FALSE
601895,TRUE,FALSE
601896,TRUE,FALSE
601897,TRUE,FALSE
601898,TRUE,FALSE
601899,TRUE,FALSE
601900,TRUE,FALSE
601901,TRUE,FALSE
601902,TRUE,FALSE
601903,TRUE,FALSE
601904,TRUE,FALSE
601905,TRUE,FALSE
601906,TRUE,FALSE
601907,TRUE,FALSE
601908,TRUE,FALSE
601909,TRUE,FALSE
601910,TRUE,FALSE
601911,TRUE,FALSE
601912,TRUE,FALSE
601913,TRUE,FALSE
601914,TRUE,FALSE
601915,TRUE,FALSE
601916,TRUE,FALSE
601917,TRUE,FALSE
601918,TRUE,FALSE
601919,TRUE,FALSE
601920,TRUE,FALSE
601921,TRUE,FALSE
601922,TRUE,FALSE
601923,TRUE,FALSE
601924,TRUE,FALSE
601925,TRUE,FALSE
601926,TRUE,FALSE
601927,TRUE,FALSE
601928,TRUE,FALSE
601929,TRUE,FALSE
601930,TRUE,FALSE
601931,TRUE,FALSE
601932,TRUE,FALSE
601933,TRUE,FALSE
601934,TRUE,FALSE
601935,TRUE,FALSE
601936,TRUE,FALSE
601937,TRUE,FALSE
601938,TRUE,FALSE
601939,TRUE,FALSE
601940,TRUE,FALSE
601941,TRUE,FALSE
601942,TRUE,FALSE
601943,TRUE,FALSE
601944,TRUE,FALSE
601945,TRUE,FALSE
601946,TRUE,FALSE
601947,TRUE,FALSE
601948,TRUE,FALSE
601949,TRUE,FALSE
601950,TRUE,FALSE
601951,TRUE,FALSE
601952,TRUE,FALSE
601953,TRUE,FALSE
601954,TRUE,FALSE
601955,TRUE,FALSE
601956,TRUE,FALSE
601957,TRUE,FALSE
601958,TRUE,FALSE
601959,TRUE,FALSE
601960,TRUE,FALSE
601961,TRUE,FALSE
601962,TRUE,FALSE
601963,TRUE,FALSE
601964,TRUE,FALSE
601965,TRUE,FALSE
601966,TRUE,FALSE
601967,TRUE,FALSE
601968,TRUE,FALSE
601969,TRUE,FALSE
601970,TRUE,FALSE
601971,TRUE,FALSE
601972,TRUE,FALSE
601973,TRUE,FALSE
601974,TRUE,FALSE
601975,TRUE,FALSE
601976,TRUE,FALSE
601977,TRUE,FALSE
601978,TRUE,FALSE
601979,TRUE,FALSE
601980,TRUE,FALSE
601981,TRUE,FALSE
601982,TRUE,FALSE
601983,TRUE,FALSE
601984,TRUE,FALSE
601985,TRUE,FALSE
601986,TRUE,FALSE
601987,TRUE,FALSE
601988,TRUE,FALSE
601989,TRUE,FALSE
601990,TRUE,FALSE
601991,TRUE,FALSE
601992,TRUE,FALSE
601993,TRUE,FALSE
601994,TRUE,FALSE
601995,TRUE,FALSE
601996,TRUE,FALSE
601997,TRUE,FALSE
601998,TRUE,FALSE
601999,TRUE,FALSE
602001,TRUE,FALSE
602002,TRUE,FALSE
602003,TRUE,FALSE
602004,TRUE,FALSE
602005,TRUE,FALSE
602006,TRUE,FALSE
602007,TRUE,FALSE
602008,TRUE,FALSE
602009,TRUE,FALSE
602010,TRUE,FALSE
602011,TRUE,FALSE
602012,TRUE,FALSE
602013,TRUE,FALSE
602014,TRUE,FALSE
602015,TRUE,FALSE
602016,TRUE,FALSE
602017,TRUE,FALSE
602018,TRUE,FALSE
602019,TRUE,FALSE
602020,TRUE,FALSE
602021,TRUE,FALSE
602022,TRUE,FALSE
602023,TRUE,FALSE
602024,TRUE,FALSE
602025,TRUE,FALSE
602026,TRUE,FALSE
602027,TRUE,FALSE
602028,TRUE,FALSE
602029,TRUE,FALSE
602030,TRUE,FALSE
602031,TRUE,FALSE
602032,TRUE,FALSE
602033,TRUE,FALSE
602034,TRUE,FALSE
602035,TRUE,FALSE
602036,TRUE,FALSE
602037,TRUE,FALSE
602038,TRUE,FALSE
602039,TRUE,FALSE
602040,TRUE,FALSE
602041,TRUE,FALSE
602042,TRUE,FALSE
602043,TRUE,FALSE
602044,TRUE,FALSE
602045,TRUE,FALSE
602046,TRUE,FALSE
602047,TRUE,FALSE
602048,TRUE,FALSE
602049,TRUE,FALSE
602050,TRUE,FALSE
602051,TRUE,FALSE
602052,TRUE,FALSE
602053,TRUE,FALSE
602054,TRUE,FALSE
602055,TRUE,FALSE
602056,TRUE,FALSE
602057,TRUE,FALSE
602058,TRUE,FALSE
602059,TRUE,FALSE
602060,TRUE,FALSE
602061,TRUE,FALSE
602062,TRUE,FALSE
602063,TRUE,FALSE
602064,TRUE,FALSE
602065,TRUE,FALSE
602066,TRUE,FALSE
602067,TRUE,FALSE
602068,TRUE,FALSE
602069,TRUE,FALSE
602070,TRUE,FALSE
602071,TRUE,FALSE
602072,TRUE,FALSE
602073,TRUE,FALSE
602074,TRUE,FALSE
602075,TRUE,FALSE
602076,TRUE,FALSE
602077,TRUE,FALSE
602078,TRUE,FALSE
602079,TRUE,FALSE
602080,TRUE,FALSE
602081,TRUE,FALSE
602082,TRUE,FALSE
602083,TRUE,FALSE
602084,TRUE,FALSE
602085,TRUE,FALSE
602086,TRUE,FALSE
602087,TRUE,FALSE
602088,TRUE,FALSE
602089,TRUE,FALSE
602090,TRUE,FALSE
602091,TRUE,FALSE
602092,TRUE,FALSE
602093,TRUE,FALSE
602094,TRUE,FALSE
602095,TRUE,FALSE
602096,TRUE,FALSE
602097,TRUE,FALSE
602098,TRUE,FALSE
602099,TRUE,FALSE
602100,TRUE,FALSE
602101,TRUE,FALSE
602102,TRUE,FALSE
602103,TRUE,FALSE
602104,TRUE,FALSE
602105,TRUE,FALSE
602106,TRUE,FALSE
602107,TRUE,FALSE
602108,TRUE,FALSE
602109,TRUE,FALSE
602110,TRUE,FALSE
602111,TRUE,FALSE
602112,TRUE,FALSE
602113,TRUE,FALSE
602114,TRUE,FALSE
602115,TRUE,FALSE
602116,TRUE,FALSE
602117,TRUE,FALSE
602118,TRUE,FALSE
602119,TRUE,FALSE
602120,TRUE,FALSE
602121,TRUE,FALSE
602122,TRUE,FALSE
602123,TRUE,FALSE
602124,TRUE,FALSE
602125,TRUE,FALSE
602126,TRUE,FALSE
602127,TRUE,FALSE
602128,TRUE,FALSE
602129,TRUE,FALSE
602130,TRUE,FALSE
602131,TRUE,FALSE
602132,TRUE,FALSE
602133,TRUE,FALSE
602134,TRUE,FALSE
602135,TRUE,FALSE
602136,TRUE,FALSE
602137,TRUE,FALSE
602138,TRUE,FALSE
602139,TRUE,FALSE
602140,TRUE,FALSE
602141,TRUE,FALSE
602142,TRUE,FALSE
602143,TRUE,FALSE
602144,TRUE,FALSE
602145,TRUE,FALSE
602146,TRUE,FALSE
602147,TRUE,FALSE
602148,TRUE,FALSE
602149,TRUE,FALSE
602150,TRUE,FALSE
602151,TRUE,FALSE
602152,TRUE,FALSE
602153,TRUE,FALSE
602154,TRUE,FALSE
602155,TRUE,FALSE
602156,TRUE,FALSE
602157,TRUE,FALSE
602158,TRUE,FALSE
602159,TRUE,FALSE
602160,TRUE,FALSE
602161,TRUE,FALSE
602162,TRUE,FALSE
602163,TRUE,FALSE
602164,TRUE,FALSE
602165,TRUE,FALSE
602166,TRUE,FALSE
602167,TRUE,FALSE
602168,TRUE,FALSE
602169,TRUE,FALSE
602170,TRUE,FALSE
602171,TRUE,FALSE
602172,TRUE,FALSE
602173,TRUE,FALSE
602174,TRUE,FALSE
602175,TRUE,FALSE
602176,TRUE,FALSE
602177,TRUE,FALSE
602178,TRUE,FALSE
602179,TRUE,FALSE
602180,TRUE,FALSE
602181,TRUE,FALSE
602182,TRUE,FALSE
602183,TRUE,FALSE
602184,TRUE,FALSE
602185,TRUE,FALSE
602186,TRUE,FALSE
602187,TRUE,FALSE
602188,TRUE,FALSE
602189,TRUE,FALSE
602190,TRUE,FALSE
602191,TRUE,FALSE
602192,TRUE,FALSE
602193,TRUE,FALSE
602194,TRUE,FALSE
602195,TRUE,FALSE
602196,TRUE,FALSE
602197,TRUE,FALSE
602198,TRUE,FALSE
602199,TRUE,FALSE
602200,TRUE,FALSE
602201,TRUE,FALSE
602202,TRUE,FALSE
602203,TRUE,FALSE
602204,TRUE,FALSE
602205,TRUE,FALSE
602206,TRUE,FALSE
602207,TRUE,FALSE
602208,TRUE,FALSE
602209,TRUE,FALSE
602210,TRUE,FALSE
602211,TRUE,FALSE
602212,TRUE,FALSE
602213,TRUE,FALSE
602214,TRUE,FALSE
602215,TRUE,FALSE
602216,TRUE,FALSE
602217,TRUE,FALSE
602218,TRUE,FALSE
602219,TRUE,FALSE
602220,TRUE,FALSE
602221,TRUE,FALSE
602222,TRUE,FALSE
602223,TRUE,FALSE
602224,TRUE,FALSE
602225,TRUE,FALSE
602226,TRUE,FALSE
602227,TRUE,FALSE
602228,TRUE,FALSE
602229,TRUE,FALSE
602230,TRUE,FALSE
602231,TRUE,FALSE
602232,TRUE,FALSE
602233,TRUE,FALSE
602234,TRUE,FALSE
602235,TRUE,FALSE
602236,TRUE,FALSE
602237,TRUE,FALSE
602238,TRUE,FALSE
602239,TRUE,FALSE
602240,TRUE,FALSE
602241,TRUE,FALSE
602242,TRUE,FALSE
602243,TRUE,FALSE
602244,TRUE,FALSE
602245,TRUE,FALSE
602246,TRUE,FALSE
602247,TRUE,FALSE
602248,TRUE,FALSE
602249,TRUE,FALSE
602250,TRUE,FALSE
602251,TRUE,FALSE
602252,TRUE,FALSE
602253,TRUE,FALSE
602254,TRUE,FALSE
602255,TRUE,FALSE
602256,TRUE,FALSE
602257,TRUE,FALSE
602258,TRUE,FALSE
602259,TRUE,FALSE
602260,TRUE,FALSE
602261,TRUE,FALSE
602262,TRUE,FALSE
602263,TRUE,FALSE
602264,TRUE,FALSE
602265,TRUE,FALSE
602266,TRUE,FALSE
602267,TRUE,FALSE
602268,TRUE,FALSE
602269,TRUE,FALSE
602270,TRUE,FALSE
602271,TRUE,FALSE
602272,TRUE,FALSE
602273,TRUE,FALSE
602274,TRUE,FALSE
602275,TRUE,FALSE
602276,TRUE,FALSE
602277,TRUE,FALSE
602278,TRUE,FALSE
602279,TRUE,FALSE
602280,TRUE,FALSE
602281,TRUE,FALSE
602282,TRUE,FALSE
602283,TRUE,FALSE
602284,TRUE,FALSE
602285,TRUE,FALSE
602286,TRUE,FALSE
602287,TRUE,FALSE
602288,TRUE,FALSE
602289,TRUE,FALSE
602290,TRUE,FALSE
602291,TRUE,FALSE
602292,TRUE,FALSE
602293,TRUE,FALSE
602294,TRUE,FALSE
602295,TRUE,FALSE
602296,TRUE,FALSE
602297,TRUE,FALSE
602298,TRUE,FALSE
602299,TRUE,FALSE
602300,TRUE,FALSE
602301,TRUE,FALSE
602302,TRUE,FALSE
602303,TRUE,FALSE
602304,TRUE,FALSE
602305,TRUE,FALSE
602306,TRUE,FALSE
602307,TRUE,FALSE
602308,TRUE,FALSE
602309,TRUE,FALSE
602310,TRUE,FALSE
602311,TRUE,FALSE
602312,TRUE,FALSE
602313,TRUE,FALSE
602314,TRUE,FALSE
602315,TRUE,FALSE
602316,TRUE,FALSE
602317,TRUE,FALSE
602318,TRUE,FALSE
602319,TRUE,FALSE
602320,TRUE,FALSE
602321,TRUE,FALSE
602322,TRUE,FALSE
602323,TRUE,FALSE
602324,TRUE,FALSE
602325,TRUE,FALSE
602326,TRUE,FALSE
602327,TRUE,FALSE
602328,TRUE,FALSE
602329,TRUE,FALSE
602330,TRUE,FALSE
602331,TRUE,FALSE
602332,TRUE,FALSE
602333,TRUE,FALSE
602334,TRUE,FALSE
602335,TRUE,FALSE
602336,TRUE,FALSE
602337,TRUE,FALSE
602338,TRUE,FALSE
602339,TRUE,FALSE
602340,TRUE,FALSE
602341,TRUE,FALSE
602342,TRUE,FALSE
602343,TRUE,FALSE
602344,TRUE,FALSE
602345,TRUE,FALSE
602346,TRUE,FALSE
602347,TRUE,FALSE
602348,TRUE,FALSE
602349,TRUE,FALSE
602350,TRUE,FALSE
602351,TRUE,FALSE
602352,TRUE,FALSE
602353,TRUE,FALSE
602354,TRUE,FALSE
602355,TRUE,FALSE
602356,TRUE,FALSE
602357,TRUE,FALSE
602358,TRUE,FALSE
602359,TRUE,FALSE
602360,TRUE,FALSE
602361,TRUE,FALSE
602362,TRUE,FALSE
602363,TRUE,FALSE
602364,TRUE,FALSE
602365,TRUE,FALSE
602366,TRUE,FALSE
602367,TRUE,FALSE
602368,TRUE,FALSE
602369,TRUE,FALSE
602370,TRUE,FALSE
602371,TRUE,FALSE
602372,TRUE,FALSE
602373,TRUE,FALSE
602374,TRUE,FALSE
602375,TRUE,FALSE
602376,TRUE,FALSE
602377,TRUE,FALSE
602378,TRUE,FALSE
602379,TRUE,FALSE
602380,TRUE,FALSE
602381,TRUE,FALSE
602382,TRUE,FALSE
602383,TRUE,FALSE
602384,TRUE,FALSE
602385,TRUE,FALSE
602386,TRUE,FALSE
602387,TRUE,FALSE
602388,TRUE,FALSE
602389,TRUE,FALSE
602390,TRUE,FALSE
602391,TRUE,FALSE
602392,TRUE,FALSE
602393,TRUE,FALSE
602394,TRUE,FALSE
602395,TRUE,FALSE
602396,TRUE,FALSE
602397,TRUE,FALSE
602398,TRUE,FALSE
602399,TRUE,FALSE
602400,TRUE,FALSE
602401,TRUE,FALSE
602402,TRUE,FALSE
602403,TRUE,FALSE
602404,TRUE,FALSE
602405,TRUE,FALSE
602406,TRUE,FALSE
602407,TRUE,FALSE
602408,TRUE,FALSE
602409,TRUE,FALSE
602410,TRUE,FALSE
602411,TRUE,FALSE
602412,TRUE,FALSE
602413,TRUE,FALSE
602414,TRUE,FALSE
602415,TRUE,FALSE
602416,TRUE,FALSE
602417,TRUE,FALSE
602418,TRUE,FALSE
602419,TRUE,FALSE
602420,TRUE,FALSE
602421,TRUE,FALSE
602422,TRUE,FALSE
602423,TRUE,FALSE
602424,TRUE,FALSE
602425,TRUE,FALSE
602426,TRUE,FALSE
602427,TRUE,FALSE
602428,TRUE,FALSE
602429,TRUE,FALSE
602430,TRUE,FALSE
602431,TRUE,FALSE
602432,TRUE,FALSE
602433,TRUE,FALSE
602434,TRUE,FALSE
602435,TRUE,FALSE
602436,TRUE,FALSE
602437,TRUE,FALSE
602438,TRUE,FALSE
602439,TRUE,FALSE
602440,TRUE,FALSE
602441,TRUE,FALSE
602442,TRUE,FALSE
602443,TRUE,FALSE
602444,TRUE,FALSE
602445,TRUE,FALSE
602446,TRUE,FALSE
602447,TRUE,FALSE
602448,TRUE,FALSE
602449,TRUE,FALSE
602450,TRUE,FALSE
602451,TRUE,FALSE
602452,TRUE,FALSE
602453,TRUE,FALSE
602454,TRUE,FALSE
602455,TRUE,FALSE
602456,TRUE,FALSE
602457,TRUE,FALSE
602458,TRUE,FALSE
602459,TRUE,FALSE
602460,TRUE,FALSE
602461,TRUE,FALSE
602462,TRUE,FALSE
602463,TRUE,FALSE
602464,TRUE,FALSE
602465,TRUE,FALSE
602466,TRUE,FALSE
602467,TRUE,FALSE
602468,TRUE,FALSE
602469,TRUE,FALSE
602470,TRUE,FALSE
602471,TRUE,FALSE
602472,TRUE,FALSE
602473,TRUE,FALSE
602474,TRUE,FALSE
602475,TRUE,FALSE
602476,TRUE,FALSE
602477,TRUE,FALSE
602478,TRUE,FALSE
602479,TRUE,FALSE
602480,TRUE,FALSE
602481,TRUE,FALSE
602482,TRUE,FALSE
602483,TRUE,FALSE
602484,TRUE,FALSE
602485,TRUE,FALSE
602486,TRUE,FALSE
602487,TRUE,FALSE
602488,TRUE,FALSE
602489,TRUE,FALSE
602490,TRUE,FALSE
602491,TRUE,FALSE
602492,TRUE,FALSE
602493,TRUE,FALSE
602494,TRUE,FALSE
602495,TRUE,FALSE
602496,TRUE,FALSE
602497,TRUE,FALSE
602498,TRUE,FALSE
602499,TRUE,FALSE
602500,TRUE,FALSE
602501,TRUE,FALSE
602502,TRUE,FALSE
602503,TRUE,FALSE
602504,TRUE,FALSE
602505,TRUE,FALSE
602506,TRUE,FALSE
602507,TRUE,FALSE
602508,TRUE,FALSE
602509,TRUE,FALSE
602510,TRUE,FALSE
602511,TRUE,FALSE
602512,TRUE,FALSE
602513,TRUE,FALSE
602514,TRUE,FALSE
602515,TRUE,FALSE
602516,TRUE,FALSE
602517,TRUE,FALSE
602518,TRUE,FALSE
602519,TRUE,FALSE
602520,TRUE,FALSE
602521,TRUE,FALSE
602522,TRUE,FALSE
602523,TRUE,FALSE
602524,TRUE,FALSE
602525,TRUE,FALSE
602526,TRUE,FALSE
602527,TRUE,FALSE
602528,TRUE,FALSE
602529,TRUE,FALSE
602530,TRUE,FALSE
602531,TRUE,FALSE
602532,TRUE,FALSE
602533,TRUE,FALSE
602534,TRUE,FALSE
602535,TRUE,FALSE
602536,TRUE,FALSE
602537,TRUE,FALSE
602538,TRUE,FALSE
602539,TRUE,FALSE
602540,TRUE,FALSE
602542,TRUE,FALSE
602543,TRUE,FALSE
602544,TRUE,FALSE
602545,TRUE,FALSE
602546,TRUE,FALSE
602547,TRUE,FALSE
602548,TRUE,FALSE
602549,TRUE,FALSE
602550,TRUE,FALSE
602551,TRUE,FALSE
602552,TRUE,FALSE
602553,TRUE,FALSE
602554,TRUE,FALSE
602555,TRUE,FALSE
602556,TRUE,FALSE
602557,TRUE,FALSE
602558,TRUE,FALSE
602559,TRUE,FALSE
602560,TRUE,FALSE
602561,TRUE,FALSE
602562,TRUE,FALSE
602563,TRUE,FALSE
602564,TRUE,FALSE
602565,TRUE,FALSE
602566,TRUE,FALSE
602567,TRUE,FALSE
602568,TRUE,FALSE
602569,TRUE,FALSE
602570,TRUE,FALSE
602571,TRUE,FALSE
602572,TRUE,FALSE
602573,TRUE,FALSE
602574,TRUE,FALSE
602575,TRUE,FALSE
602576,TRUE,FALSE
602577,TRUE,FALSE
602578,TRUE,FALSE
602579,TRUE,FALSE
602580,TRUE,FALSE
602581,TRUE,FALSE
602582,TRUE,FALSE
602583,TRUE,FALSE
602584,TRUE,FALSE
602585,TRUE,FALSE
602586,TRUE,FALSE
602587,TRUE,FALSE
602588,TRUE,FALSE
602589,TRUE,FALSE
602590,TRUE,FALSE
602591,TRUE,FALSE
602592,TRUE,FALSE
602593,TRUE,FALSE
602594,TRUE,FALSE
602595,TRUE,FALSE
602596,TRUE,FALSE
602597,TRUE,FALSE
602598,TRUE,FALSE
602599,TRUE,FALSE
602600,TRUE,FALSE
602601,TRUE,FALSE
602602,TRUE,FALSE
602603,TRUE,FALSE
602604,TRUE,FALSE
602605,TRUE,FALSE
602606,TRUE,FALSE
602607,TRUE,FALSE
602608,TRUE,FALSE
602609,TRUE,FALSE
602610,TRUE,FALSE
602611,TRUE,FALSE
602612,TRUE,FALSE
602613,TRUE,FALSE
602614,TRUE,FALSE
602615,TRUE,FALSE
602616,TRUE,FALSE
602617,TRUE,FALSE
602618,TRUE,FALSE
602619,TRUE,FALSE
602620,TRUE,FALSE
602621,TRUE,FALSE
602622,TRUE,FALSE
602623,TRUE,FALSE
602624,TRUE,FALSE
602625,TRUE,FALSE
602626,TRUE,FALSE
602627,TRUE,FALSE
602628,TRUE,FALSE
602629,TRUE,FALSE
602630,TRUE,FALSE
602631,TRUE,FALSE
602632,TRUE,FALSE
602633,TRUE,FALSE
602634,TRUE,FALSE
602635,TRUE,FALSE
602636,TRUE,FALSE
602637,TRUE,FALSE
602638,TRUE,FALSE
602639,TRUE,FALSE
602640,TRUE,FALSE
602641,TRUE,FALSE
602642,TRUE,FALSE
602643,TRUE,FALSE
602644,TRUE,FALSE
602645,TRUE,FALSE
602646,TRUE,FALSE
602647,TRUE,FALSE
602648,TRUE,FALSE
602649,TRUE,FALSE
602650,TRUE,FALSE
602651,TRUE,FALSE
602652,TRUE,FALSE
602653,TRUE,FALSE
602654,TRUE,FALSE
602655,TRUE,FALSE
602656,TRUE,FALSE
602657,TRUE,FALSE
602658,TRUE,FALSE
602659,TRUE,FALSE
602660,TRUE,FALSE
602661,TRUE,FALSE
602662,TRUE,FALSE
602663,TRUE,FALSE
602664,TRUE,FALSE
602665,TRUE,FALSE
602666,TRUE,FALSE
602667,TRUE,FALSE
602668,TRUE,FALSE
602669,TRUE,FALSE
602670,TRUE,FALSE
602671,TRUE,FALSE
602672,TRUE,FALSE
602673,TRUE,FALSE
602674,TRUE,FALSE
602675,TRUE,FALSE
602676,TRUE,FALSE
602677,TRUE,FALSE
602678,TRUE,FALSE
602679,TRUE,FALSE
602680,TRUE,FALSE
602681,TRUE,FALSE
602682,TRUE,FALSE
602683,TRUE,FALSE
602684,TRUE,FALSE
602685,TRUE,FALSE
602686,TRUE,FALSE
602687,TRUE,FALSE
602688,TRUE,FALSE
602689,TRUE,FALSE
602690,TRUE,FALSE
602691,TRUE,FALSE
602692,TRUE,FALSE
602693,TRUE,FALSE
602694,TRUE,FALSE
602695,TRUE,FALSE
602696,TRUE,FALSE
602697,TRUE,FALSE
602698,TRUE,FALSE
602699,TRUE,FALSE
602700,TRUE,FALSE
602701,TRUE,FALSE
602702,TRUE,FALSE
602703,TRUE,FALSE
602704,TRUE,FALSE
602705,TRUE,FALSE
602706,TRUE,FALSE
602707,TRUE,FALSE
602708,TRUE,FALSE
602709,TRUE,FALSE
602710,TRUE,FALSE
602711,TRUE,FALSE
602712,TRUE,FALSE
602713,TRUE,FALSE
602714,TRUE,FALSE
602715,TRUE,FALSE
602716,TRUE,FALSE
602717,TRUE,FALSE
602718,TRUE,FALSE
602719,TRUE,FALSE
602720,TRUE,FALSE
602721,TRUE,FALSE
602722,TRUE,FALSE
602723,TRUE,FALSE
602724,TRUE,FALSE
602725,TRUE,FALSE
602726,TRUE,FALSE
602727,TRUE,FALSE
602728,TRUE,FALSE
602729,TRUE,FALSE
602730,TRUE,FALSE
602731,TRUE,FALSE
602732,TRUE,FALSE
602733,TRUE,FALSE
602734,TRUE,FALSE
602735,TRUE,FALSE
602736,TRUE,FALSE
602737,TRUE,FALSE
602738,TRUE,FALSE
602739,TRUE,FALSE
602740,TRUE,FALSE
602741,TRUE,FALSE
602742,TRUE,FALSE
602743,TRUE,FALSE
602744,TRUE,FALSE
602745,TRUE,FALSE
602746,TRUE,FALSE
602747,TRUE,FALSE
602748,TRUE,FALSE
602749,TRUE,FALSE
602750,TRUE,FALSE
602751,TRUE,FALSE
602752,TRUE,FALSE
602753,TRUE,FALSE
602754,TRUE,FALSE
602755,TRUE,FALSE
602756,TRUE,FALSE
602757,TRUE,FALSE
602758,TRUE,FALSE
602759,TRUE,FALSE
602760,TRUE,FALSE
602761,TRUE,FALSE
602762,TRUE,FALSE
602763,TRUE,FALSE
602764,TRUE,FALSE
602765,TRUE,FALSE
602766,TRUE,FALSE
602767,TRUE,FALSE
602768,TRUE,FALSE
602769,TRUE,FALSE
602770,TRUE,FALSE
602771,TRUE,FALSE
602772,TRUE,FALSE
602773,TRUE,FALSE
602774,TRUE,FALSE
602775,TRUE,FALSE
602776,TRUE,FALSE
602777,TRUE,FALSE
602778,TRUE,FALSE
602779,TRUE,FALSE
602780,TRUE,FALSE
602781,TRUE,FALSE
602782,TRUE,FALSE
602783,TRUE,FALSE
602784,TRUE,FALSE
602785,TRUE,FALSE
602786,TRUE,FALSE
602787,TRUE,FALSE
602788,TRUE,FALSE
602789,TRUE,FALSE
602790,TRUE,FALSE
602791,TRUE,FALSE
602792,TRUE,FALSE
602793,TRUE,FALSE
602794,TRUE,FALSE
602795,TRUE,FALSE
602796,TRUE,FALSE
602797,TRUE,FALSE
602798,TRUE,FALSE
602799,TRUE,FALSE
602800,TRUE,FALSE
602801,TRUE,FALSE
602802,TRUE,FALSE
602803,TRUE,FALSE
602804,TRUE,FALSE
602805,TRUE,FALSE
602806,TRUE,FALSE
602807,TRUE,FALSE
602808,TRUE,FALSE
602809,TRUE,FALSE
602810,TRUE,FALSE
602811,TRUE,FALSE
602812,TRUE,FALSE
602813,TRUE,FALSE
602814,TRUE,FALSE
602815,TRUE,FALSE
602816,TRUE,FALSE
602817,TRUE,FALSE
602818,TRUE,FALSE
602819,TRUE,FALSE
602820,TRUE,FALSE
602821,TRUE,FALSE
602822,TRUE,FALSE
602823,TRUE,FALSE
602824,TRUE,FALSE
602825,TRUE,FALSE
602826,TRUE,FALSE
602827,TRUE,FALSE
602828,TRUE,FALSE
602829,TRUE,FALSE
602830,TRUE,FALSE
602831,TRUE,FALSE
602832,TRUE,FALSE
602833,TRUE,FALSE
602834,TRUE,FALSE
602835,TRUE,FALSE
602836,TRUE,FALSE
602837,TRUE,FALSE
602838,TRUE,FALSE
602839,TRUE,FALSE
602840,TRUE,FALSE
602841,TRUE,FALSE
602842,TRUE,FALSE
602843,TRUE,FALSE
602844,TRUE,FALSE
602845,TRUE,FALSE
602846,TRUE,FALSE
602847,TRUE,FALSE
602848,TRUE,FALSE
602849,TRUE,FALSE
602850,TRUE,FALSE
602851,TRUE,FALSE
602852,TRUE,FALSE
602853,TRUE,FALSE
602854,TRUE,FALSE
602855,TRUE,FALSE
602856,TRUE,FALSE
602857,TRUE,FALSE
602858,TRUE,FALSE
602859,TRUE,FALSE
602860,TRUE,FALSE
602861,TRUE,FALSE
602862,TRUE,FALSE
602863,TRUE,FALSE
602864,TRUE,FALSE
602865,TRUE,FALSE
602866,TRUE,FALSE
602867,TRUE,FALSE
602868,TRUE,FALSE
602869,TRUE,FALSE
602870,TRUE,FALSE
602871,TRUE,FALSE
602872,TRUE,FALSE
602873,TRUE,FALSE
602874,TRUE,FALSE
602875,TRUE,FALSE
602876,TRUE,FALSE
602877,TRUE,FALSE
602878,TRUE,FALSE
602879,TRUE,FALSE
602880,TRUE,FALSE
602881,TRUE,FALSE
602882,TRUE,FALSE
602883,TRUE,FALSE
602884,TRUE,FALSE
602885,TRUE,FALSE
602886,TRUE,FALSE
602887,TRUE,FALSE
602888,TRUE,FALSE
602889,TRUE,FALSE
602890,TRUE,FALSE
602891,TRUE,FALSE
602892,TRUE,FALSE
602893,TRUE,FALSE
602894,TRUE,FALSE
602895,TRUE,FALSE
602896,TRUE,FALSE
602897,TRUE,FALSE
602898,TRUE,FALSE
602899,TRUE,FALSE
602900,TRUE,FALSE
602901,TRUE,FALSE
602902,TRUE,FALSE
602903,TRUE,FALSE
602904,TRUE,FALSE
602905,TRUE,FALSE
602906,TRUE,FALSE
602907,TRUE,FALSE
602908,TRUE,FALSE
602909,TRUE,FALSE
602910,TRUE,FALSE
602911,TRUE,FALSE
602912,TRUE,FALSE
602913,TRUE,FALSE
602914,TRUE,FALSE
602915,TRUE,FALSE
602916,TRUE,FALSE
602917,TRUE,FALSE
602918,TRUE,FALSE
602919,TRUE,FALSE
602920,TRUE,FALSE
602921,TRUE,FALSE
602922,TRUE,FALSE
602923,TRUE,FALSE
602924,TRUE,FALSE
602925,TRUE,FALSE
602926,TRUE,FALSE
602927,TRUE,FALSE
602928,TRUE,FALSE
602929,TRUE,FALSE
602930,TRUE,FALSE
602931,TRUE,FALSE
602932,TRUE,FALSE
602933,TRUE,FALSE
602934,TRUE,FALSE
602935,TRUE,FALSE
602936,TRUE,FALSE
602937,TRUE,FALSE
602938,TRUE,FALSE
602939,TRUE,FALSE
602940,TRUE,FALSE
602941,TRUE,FALSE
602942,TRUE,FALSE
602943,TRUE,FALSE
602944,TRUE,FALSE
602945,TRUE,FALSE
602946,TRUE,FALSE
602947,TRUE,FALSE
602948,TRUE,FALSE
602949,TRUE,FALSE
602950,TRUE,FALSE
602951,TRUE,FALSE
602952,TRUE,FALSE
602953,TRUE,FALSE
602954,TRUE,FALSE
602955,TRUE,FALSE
602956,TRUE,FALSE
602957,TRUE,FALSE
602958,TRUE,FALSE
602959,TRUE,FALSE
602960,TRUE,FALSE
602961,TRUE,FALSE
602962,TRUE,FALSE
602963,TRUE,FALSE
602964,TRUE,FALSE
602965,TRUE,FALSE
602966,TRUE,FALSE
602967,TRUE,FALSE
602968,TRUE,FALSE
602969,TRUE,FALSE
602970,TRUE,FALSE
602971,TRUE,FALSE
602972,TRUE,FALSE
602973,TRUE,FALSE
602974,TRUE,FALSE
602975,TRUE,FALSE
602976,TRUE,FALSE
602977,TRUE,FALSE
602978,TRUE,FALSE
602979,TRUE,FALSE
602980,TRUE,FALSE
602981,TRUE,FALSE
602982,TRUE,FALSE
602983,TRUE,FALSE
602984,TRUE,FALSE
602985,TRUE,FALSE
602986,TRUE,FALSE
602987,TRUE,FALSE
602988,TRUE,FALSE
602989,TRUE,FALSE
602990,TRUE,FALSE
602991,TRUE,FALSE
602992,TRUE,FALSE
602993,TRUE,FALSE
602994,TRUE,FALSE
602995,TRUE,FALSE
602996,TRUE,FALSE
602997,TRUE,FALSE
602998,TRUE,FALSE
602999,TRUE,FALSE
